{
  "build": "py312haa95532_0",
  "build_number": 0,
  "channel": "https://repo.anaconda.com/pkgs/main/win-64",
  "constrains": [],
  "depends": [
    "python >=3.12,<3.13.0a0"
  ],
  "extracted_package_dir": "C:\\Users\\jporr\\anaconda3\\pkgs\\asgiref-3.5.2-py312haa95532_0",
  "files": [
    "Lib/site-packages/asgiref-3.5.2.dist-info/INSTALLER",
    "Lib/site-packages/asgiref-3.5.2.dist-info/LICENSE",
    "Lib/site-packages/asgiref-3.5.2.dist-info/METADATA",
    "Lib/site-packages/asgiref-3.5.2.dist-info/RECORD",
    "Lib/site-packages/asgiref-3.5.2.dist-info/REQUESTED",
    "Lib/site-packages/asgiref-3.5.2.dist-info/WHEEL",
    "Lib/site-packages/asgiref-3.5.2.dist-info/direct_url.json",
    "Lib/site-packages/asgiref-3.5.2.dist-info/top_level.txt",
    "Lib/site-packages/asgiref/__init__.py",
    "Lib/site-packages/asgiref/__pycache__/__init__.cpython-312.pyc",
    "Lib/site-packages/asgiref/__pycache__/compatibility.cpython-312.pyc",
    "Lib/site-packages/asgiref/__pycache__/current_thread_executor.cpython-312.pyc",
    "Lib/site-packages/asgiref/__pycache__/local.cpython-312.pyc",
    "Lib/site-packages/asgiref/__pycache__/server.cpython-312.pyc",
    "Lib/site-packages/asgiref/__pycache__/sync.cpython-312.pyc",
    "Lib/site-packages/asgiref/__pycache__/testing.cpython-312.pyc",
    "Lib/site-packages/asgiref/__pycache__/timeout.cpython-312.pyc",
    "Lib/site-packages/asgiref/__pycache__/typing.cpython-312.pyc",
    "Lib/site-packages/asgiref/__pycache__/wsgi.cpython-312.pyc",
    "Lib/site-packages/asgiref/compatibility.py",
    "Lib/site-packages/asgiref/current_thread_executor.py",
    "Lib/site-packages/asgiref/local.py",
    "Lib/site-packages/asgiref/py.typed",
    "Lib/site-packages/asgiref/server.py",
    "Lib/site-packages/asgiref/sync.py",
    "Lib/site-packages/asgiref/testing.py",
    "Lib/site-packages/asgiref/timeout.py",
    "Lib/site-packages/asgiref/typing.py",
    "Lib/site-packages/asgiref/wsgi.py",
    ".nonadmin"
  ],
  "fn": "asgiref-3.5.2-py312haa95532_0.conda",
  "legacy_bz2_md5": "e89662a7f4fa5441e90278f69793eefc",
  "legacy_bz2_size": 46894,
  "license": "BSD-3-Clause",
  "license_family": "BSD",
  "link": {
    "source": "C:\\Users\\jporr\\anaconda3\\pkgs\\asgiref-3.5.2-py312haa95532_0",
    "type": 1
  },
  "md5": "bde2b2f5c40d87fe9a8727c5ebd584a5",
  "name": "asgiref",
  "package_tarball_full_path": "C:\\Users\\jporr\\anaconda3\\pkgs\\asgiref-3.5.2-py312haa95532_0.conda",
  "paths_data": {
    "paths": [
      {
        "_path": "Lib/site-packages/asgiref-3.5.2.dist-info/INSTALLER",
        "path_type": "hardlink",
        "sha256": "d0edee15f91b406f3f99726e44eb990be6e34fd0345b52b910c568e0eef6a2a8",
        "sha256_in_prefix": "d0edee15f91b406f3f99726e44eb990be6e34fd0345b52b910c568e0eef6a2a8",
        "size_in_bytes": 5
      },
      {
        "_path": "Lib/site-packages/asgiref-3.5.2.dist-info/LICENSE",
        "path_type": "hardlink",
        "sha256": "b846415d1b514e9c1dff14a22deb906d794bc546ca6129f950a18cd091e2a669",
        "sha256_in_prefix": "b846415d1b514e9c1dff14a22deb906d794bc546ca6129f950a18cd091e2a669",
        "size_in_bytes": 1552
      },
      {
        "_path": "Lib/site-packages/asgiref-3.5.2.dist-info/METADATA",
        "path_type": "hardlink",
        "sha256": "c89de3637916bbf348904bbd9775c68173f549d0037bbd26cb644c71f17630db",
        "sha256_in_prefix": "c89de3637916bbf348904bbd9775c68173f549d0037bbd26cb644c71f17630db",
        "size_in_bytes": 9386
      },
      {
        "_path": "Lib/site-packages/asgiref-3.5.2.dist-info/RECORD",
        "path_type": "hardlink",
        "sha256": "03f637e0a5d5d4f4e1844aadf43759abed093efdf1e5c8ea33dd38d577a848ff",
        "sha256_in_prefix": "03f637e0a5d5d4f4e1844aadf43759abed093efdf1e5c8ea33dd38d577a848ff",
        "size_in_bytes": 1988
      },
      {
        "_path": "Lib/site-packages/asgiref-3.5.2.dist-info/REQUESTED",
        "path_type": "hardlink",
        "sha256": "e3b0c44298fc1c149afbf4c8996fb92427ae41e4649b934ca495991b7852b855",
        "sha256_in_prefix": "e3b0c44298fc1c149afbf4c8996fb92427ae41e4649b934ca495991b7852b855",
        "size_in_bytes": 0
      },
      {
        "_path": "Lib/site-packages/asgiref-3.5.2.dist-info/WHEEL",
        "path_type": "hardlink",
        "sha256": "c903798389a0e00c9b4639208bef72cb889010589b1909a5cfbf0f8a4e4eafe0",
        "sha256_in_prefix": "c903798389a0e00c9b4639208bef72cb889010589b1909a5cfbf0f8a4e4eafe0",
        "size_in_bytes": 92
      },
      {
        "_path": "Lib/site-packages/asgiref-3.5.2.dist-info/direct_url.json",
        "path_type": "hardlink",
        "sha256": "c95d28b9a83e0bf17e28dce58c38d5b75914867c2ec44cb38aceef8cbde7db45",
        "sha256_in_prefix": "c95d28b9a83e0bf17e28dce58c38d5b75914867c2ec44cb38aceef8cbde7db45",
        "size_in_bytes": 115
      },
      {
        "_path": "Lib/site-packages/asgiref-3.5.2.dist-info/top_level.txt",
        "path_type": "hardlink",
        "sha256": "6e89108c2cf0c0446174188f76f60465ae1c1f14f83427807df40d52a27cb2c8",
        "sha256_in_prefix": "6e89108c2cf0c0446174188f76f60465ae1c1f14f83427807df40d52a27cb2c8",
        "size_in_bytes": 8
      },
      {
        "_path": "Lib/site-packages/asgiref/__init__.py",
        "path_type": "hardlink",
        "sha256": "2ed609e40570ba2025b2b254430cc764cac6308467edcb88a08b783b39d8cba7",
        "sha256_in_prefix": "2ed609e40570ba2025b2b254430cc764cac6308467edcb88a08b783b39d8cba7",
        "size_in_bytes": 22
      },
      {
        "_path": "Lib/site-packages/asgiref/__pycache__/__init__.cpython-312.pyc",
        "path_type": "hardlink",
        "sha256": "f98de4af14473f119f0a07edd68c6d902924adc38c6fd1c1fd948f0df2db564d",
        "sha256_in_prefix": "f98de4af14473f119f0a07edd68c6d902924adc38c6fd1c1fd948f0df2db564d",
        "size_in_bytes": 160
      },
      {
        "_path": "Lib/site-packages/asgiref/__pycache__/compatibility.cpython-312.pyc",
        "path_type": "hardlink",
        "sha256": "3c5acb33f4112a091163723a3f5e9090d5b7c2fa0a19ee4e63934fb71bde8aad",
        "sha256_in_prefix": "3c5acb33f4112a091163723a3f5e9090d5b7c2fa0a19ee4e63934fb71bde8aad",
        "size_in_bytes": 1783
      },
      {
        "_path": "Lib/site-packages/asgiref/__pycache__/current_thread_executor.cpython-312.pyc",
        "path_type": "hardlink",
        "sha256": "03dff95debc85aaa33a26e51436655d9f3d809fbe9f3a2319e4bdf345521d907",
        "sha256_in_prefix": "03dff95debc85aaa33a26e51436655d9f3d809fbe9f3a2319e4bdf345521d907",
        "size_in_bytes": 3804
      },
      {
        "_path": "Lib/site-packages/asgiref/__pycache__/local.cpython-312.pyc",
        "path_type": "hardlink",
        "sha256": "5c4be0ee44ea5f11ab38dad07d1e6647e80fe56efa645a8fa2ae670386752c6d",
        "sha256_in_prefix": "5c4be0ee44ea5f11ab38dad07d1e6647e80fe56efa645a8fa2ae670386752c6d",
        "size_in_bytes": 5738
      },
      {
        "_path": "Lib/site-packages/asgiref/__pycache__/server.cpython-312.pyc",
        "path_type": "hardlink",
        "sha256": "c4d92629449ffa9f72861fbdbf9091947949dd1e061b9cc0f55b162ca98608b9",
        "sha256_in_prefix": "c4d92629449ffa9f72861fbdbf9091947949dd1e061b9cc0f55b162ca98608b9",
        "size_in_bytes": 7913
      },
      {
        "_path": "Lib/site-packages/asgiref/__pycache__/sync.cpython-312.pyc",
        "path_type": "hardlink",
        "sha256": "6d3d0744de5bd46ba49308e922def46fb4d65626927f9ea774cdda97a9662aa6",
        "sha256_in_prefix": "6d3d0744de5bd46ba49308e922def46fb4d65626927f9ea774cdda97a9662aa6",
        "size_in_bytes": 21086
      },
      {
        "_path": "Lib/site-packages/asgiref/__pycache__/testing.cpython-312.pyc",
        "path_type": "hardlink",
        "sha256": "f156888967c7e1064b3cdcf386307a816f4b10d2c39e8b6edc800c99a3afdf05",
        "sha256_in_prefix": "f156888967c7e1064b3cdcf386307a816f4b10d2c39e8b6edc800c99a3afdf05",
        "size_in_bytes": 5930
      },
      {
        "_path": "Lib/site-packages/asgiref/__pycache__/timeout.cpython-312.pyc",
        "path_type": "hardlink",
        "sha256": "b3a4cd77814d28dd69bb2a002f234877f320085cffe6a67e26ecf9f14fdc103e",
        "sha256_in_prefix": "b3a4cd77814d28dd69bb2a002f234877f320085cffe6a67e26ecf9f14fdc103e",
        "size_in_bytes": 4658
      },
      {
        "_path": "Lib/site-packages/asgiref/__pycache__/typing.cpython-312.pyc",
        "path_type": "hardlink",
        "sha256": "51b9c14dfd1c99e9184294b75830e8a866471f87351e0d4f080cf007c51449c0",
        "sha256_in_prefix": "51b9c14dfd1c99e9184294b75830e8a866471f87351e0d4f080cf007c51449c0",
        "size_in_bytes": 8686
      },
      {
        "_path": "Lib/site-packages/asgiref/__pycache__/wsgi.cpython-312.pyc",
        "path_type": "hardlink",
        "sha256": "3179a2d96ded292671164f53556f06ccc69a69b6c51d69f83043b3c0142f7f02",
        "sha256_in_prefix": "3179a2d96ded292671164f53556f06ccc69a69b6c51d69f83043b3c0142f7f02",
        "size_in_bytes": 7078
      },
      {
        "_path": "Lib/site-packages/asgiref/compatibility.py",
        "path_type": "hardlink",
        "sha256": "3151f66c476208c3154cb6c4fb557a2a253bab82f0ab33fb3c8b9f7976be9e33",
        "sha256_in_prefix": "3151f66c476208c3154cb6c4fb557a2a253bab82f0ab33fb3c8b9f7976be9e33",
        "size_in_bytes": 1598
      },
      {
        "_path": "Lib/site-packages/asgiref/current_thread_executor.py",
        "path_type": "hardlink",
        "sha256": "a1e1fccefdad4e671ba7175498e48ccdb117cde6399c9cc8305bf3a6b13de600",
        "sha256_in_prefix": "a1e1fccefdad4e671ba7175498e48ccdb117cde6399c9cc8305bf3a6b13de600",
        "size_in_bytes": 2801
      },
      {
        "_path": "Lib/site-packages/asgiref/local.py",
        "path_type": "hardlink",
        "sha256": "9f1e51a9514b62050955ac73029b90516edd77dcb6d6caee318760212a11b359",
        "sha256_in_prefix": "9f1e51a9514b62050955ac73029b90516edd77dcb6d6caee318760212a11b359",
        "size_in_bytes": 4854
      },
      {
        "_path": "Lib/site-packages/asgiref/py.typed",
        "path_type": "hardlink",
        "sha256": "e3b0c44298fc1c149afbf4c8996fb92427ae41e4649b934ca495991b7852b855",
        "sha256_in_prefix": "e3b0c44298fc1c149afbf4c8996fb92427ae41e4649b934ca495991b7852b855",
        "size_in_bytes": 0
      },
      {
        "_path": "Lib/site-packages/asgiref/server.py",
        "path_type": "hardlink",
        "sha256": "7a04d0859a359381b417b492050369fd539e92919c8c12595369240a88860bf3",
        "sha256_in_prefix": "7a04d0859a359381b417b492050369fd539e92919c8c12595369240a88860bf3",
        "size_in_bytes": 6005
      },
      {
        "_path": "Lib/site-packages/asgiref/sync.py",
        "path_type": "hardlink",
        "sha256": "dcff35dcd1e5dc41cf32dccf1236817a59a357f254c3def361bb71f8c98b522c",
        "sha256_in_prefix": "dcff35dcd1e5dc41cf32dccf1236817a59a357f254c3def361bb71f8c98b522c",
        "size_in_bytes": 20185
      },
      {
        "_path": "Lib/site-packages/asgiref/testing.py",
        "path_type": "hardlink",
        "sha256": "ddbc8d455eceb68fc583c67e7c4ad0277c867fb39095c51ec5b37f70342e8334",
        "sha256_in_prefix": "ddbc8d455eceb68fc583c67e7c4ad0277c867fb39095c51ec5b37f70342e8334",
        "size_in_bytes": 3119
      },
      {
        "_path": "Lib/site-packages/asgiref/timeout.py",
        "path_type": "hardlink",
        "sha256": "e4491b9a7dd7d473d1e79aa0c7e84f24c3c4bbff98a22bc7a8d845122b624981",
        "sha256_in_prefix": "e4491b9a7dd7d473d1e79aa0c7e84f24c3c4bbff98a22bc7a8d845122b624981",
        "size_in_bytes": 3440
      },
      {
        "_path": "Lib/site-packages/asgiref/typing.py",
        "path_type": "hardlink",
        "sha256": "319eef6c963517b110aa8f602fda4c48544cc3d6ff490ad042c9ef94943688fe",
        "sha256_in_prefix": "319eef6c963517b110aa8f602fda4c48544cc3d6ff490ad042c9ef94943688fe",
        "size_in_bytes": 5603
      },
      {
        "_path": "Lib/site-packages/asgiref/wsgi.py",
        "path_type": "hardlink",
        "sha256": "f8bd1ea3fb8afddabb10f8efd66796d41446cad51168ef4d3c44b19c973d0ad0",
        "sha256_in_prefix": "f8bd1ea3fb8afddabb10f8efd66796d41446cad51168ef4d3c44b19c973d0ad0",
        "size_in_bytes": 6575
      }
    ],
    "paths_version": 1
  },
  "requested_spec": "None",
  "sha256": "374e09baf3fa60dc482520700c4e93fda8c0651b7336f30741df8b8ed01d7393",
  "size": 48864,
  "subdir": "win-64",
  "timestamp": 1699497473884,
  "url": "https://repo.anaconda.com/pkgs/main/win-64/asgiref-3.5.2-py312haa95532_0.conda",
  "version": "3.5.2"
}