{
  "build": "py312h2bbff1b_0",
  "build_number": 0,
  "channel": "https://repo.anaconda.com/pkgs/main/win-64",
  "constrains": [],
  "depends": [
    "libpq >=12.15,<13.0a0",
    "python >=3.12,<3.13.0a0",
    "vc >=14.1,<15.0a0",
    "vs2015_runtime >=14.16.27012,<15.0a0"
  ],
  "extracted_package_dir": "C:\\Users\\jporr\\anaconda3\\pkgs\\psycopg2-2.9.9-py312h2bbff1b_0",
  "files": [
    "Lib/site-packages/psycopg2-2.9.9.dist-info/INSTALLER",
    "Lib/site-packages/psycopg2-2.9.9.dist-info/LICENSE",
    "Lib/site-packages/psycopg2-2.9.9.dist-info/METADATA",
    "Lib/site-packages/psycopg2-2.9.9.dist-info/RECORD",
    "Lib/site-packages/psycopg2-2.9.9.dist-info/REQUESTED",
    "Lib/site-packages/psycopg2-2.9.9.dist-info/WHEEL",
    "Lib/site-packages/psycopg2-2.9.9.dist-info/direct_url.json",
    "Lib/site-packages/psycopg2-2.9.9.dist-info/top_level.txt",
    "Lib/site-packages/psycopg2/__init__.py",
    "Lib/site-packages/psycopg2/__pycache__/__init__.cpython-312.pyc",
    "Lib/site-packages/psycopg2/__pycache__/_ipaddress.cpython-312.pyc",
    "Lib/site-packages/psycopg2/__pycache__/_json.cpython-312.pyc",
    "Lib/site-packages/psycopg2/__pycache__/_range.cpython-312.pyc",
    "Lib/site-packages/psycopg2/__pycache__/errorcodes.cpython-312.pyc",
    "Lib/site-packages/psycopg2/__pycache__/errors.cpython-312.pyc",
    "Lib/site-packages/psycopg2/__pycache__/extensions.cpython-312.pyc",
    "Lib/site-packages/psycopg2/__pycache__/extras.cpython-312.pyc",
    "Lib/site-packages/psycopg2/__pycache__/pool.cpython-312.pyc",
    "Lib/site-packages/psycopg2/__pycache__/sql.cpython-312.pyc",
    "Lib/site-packages/psycopg2/__pycache__/tz.cpython-312.pyc",
    "Lib/site-packages/psycopg2/_ipaddress.py",
    "Lib/site-packages/psycopg2/_json.py",
    "Lib/site-packages/psycopg2/_psycopg.cp312-win_amd64.pyd",
    "Lib/site-packages/psycopg2/_range.py",
    "Lib/site-packages/psycopg2/errorcodes.py",
    "Lib/site-packages/psycopg2/errors.py",
    "Lib/site-packages/psycopg2/extensions.py",
    "Lib/site-packages/psycopg2/extras.py",
    "Lib/site-packages/psycopg2/pool.py",
    "Lib/site-packages/psycopg2/sql.py",
    "Lib/site-packages/psycopg2/tz.py",
    ".nonadmin"
  ],
  "fn": "psycopg2-2.9.9-py312h2bbff1b_0.conda",
  "legacy_bz2_md5": "e92d3751b1f0e4fd0e0aab1d2ba647fe",
  "legacy_bz2_size": 177631,
  "license": "LGPL-3.0-or-later",
  "license_family": "LGPL",
  "link": {
    "source": "C:\\Users\\jporr\\anaconda3\\pkgs\\psycopg2-2.9.9-py312h2bbff1b_0",
    "type": 1
  },
  "md5": "2c90964be73a62198a6c93c61dd96cab",
  "name": "psycopg2",
  "package_tarball_full_path": "C:\\Users\\jporr\\anaconda3\\pkgs\\psycopg2-2.9.9-py312h2bbff1b_0.conda",
  "paths_data": {
    "paths": [
      {
        "_path": "Lib/site-packages/psycopg2-2.9.9.dist-info/INSTALLER",
        "path_type": "hardlink",
        "sha256": "d0edee15f91b406f3f99726e44eb990be6e34fd0345b52b910c568e0eef6a2a8",
        "sha256_in_prefix": "d0edee15f91b406f3f99726e44eb990be6e34fd0345b52b910c568e0eef6a2a8",
        "size_in_bytes": 5
      },
      {
        "_path": "Lib/site-packages/psycopg2-2.9.9.dist-info/LICENSE",
        "path_type": "hardlink",
        "sha256": "9614b85dfc9a72c5b2ca33144c1d7e1ed3b1c297459d9fb28a6a5762c2e8d71b",
        "sha256_in_prefix": "9614b85dfc9a72c5b2ca33144c1d7e1ed3b1c297459d9fb28a6a5762c2e8d71b",
        "size_in_bytes": 2238
      },
      {
        "_path": "Lib/site-packages/psycopg2-2.9.9.dist-info/METADATA",
        "path_type": "hardlink",
        "sha256": "9bebd35fbb183afe705ca713261637a886b3e528879b28a0fb0ee778333f54bf",
        "sha256_in_prefix": "9bebd35fbb183afe705ca713261637a886b3e528879b28a0fb0ee778333f54bf",
        "size_in_bytes": 4548
      },
      {
        "_path": "Lib/site-packages/psycopg2-2.9.9.dist-info/RECORD",
        "path_type": "hardlink",
        "sha256": "fd887361be781db298348c68d33450f177dabacfdf934acc525021781d8d9172",
        "sha256_in_prefix": "fd887361be781db298348c68d33450f177dabacfdf934acc525021781d8d9172",
        "size_in_bytes": 2133
      },
      {
        "_path": "Lib/site-packages/psycopg2-2.9.9.dist-info/REQUESTED",
        "path_type": "hardlink",
        "sha256": "e3b0c44298fc1c149afbf4c8996fb92427ae41e4649b934ca495991b7852b855",
        "sha256_in_prefix": "e3b0c44298fc1c149afbf4c8996fb92427ae41e4649b934ca495991b7852b855",
        "size_in_bytes": 0
      },
      {
        "_path": "Lib/site-packages/psycopg2-2.9.9.dist-info/WHEEL",
        "path_type": "hardlink",
        "sha256": "683ae059f11de4073b589cc7b2bf74adc306887e0c1db017a025a9c8fe421017",
        "sha256_in_prefix": "683ae059f11de4073b589cc7b2bf74adc306887e0c1db017a025a9c8fe421017",
        "size_in_bytes": 102
      },
      {
        "_path": "Lib/site-packages/psycopg2-2.9.9.dist-info/direct_url.json",
        "path_type": "hardlink",
        "sha256": "cfda98d3418c7d9a56c1ea7a16a0250d9e3695fdba1191e40ad59cbf78d5d7e3",
        "sha256_in_prefix": "cfda98d3418c7d9a56c1ea7a16a0250d9e3695fdba1191e40ad59cbf78d5d7e3",
        "size_in_bytes": 116
      },
      {
        "_path": "Lib/site-packages/psycopg2-2.9.9.dist-info/top_level.txt",
        "path_type": "hardlink",
        "sha256": "edd1c6a4ba90df0faf1a6184567fbbb8af74a94f5fcab19d5968bb4be8137273",
        "sha256_in_prefix": "edd1c6a4ba90df0faf1a6184567fbbb8af74a94f5fcab19d5968bb4be8137273",
        "size_in_bytes": 9
      },
      {
        "_path": "Lib/site-packages/psycopg2/__init__.py",
        "path_type": "hardlink",
        "sha256": "f66a3941dd2e587884071d82768806a2cda436ab6534d1b36ed625182d21592f",
        "sha256_in_prefix": "f66a3941dd2e587884071d82768806a2cda436ab6534d1b36ed625182d21592f",
        "size_in_bytes": 4768
      },
      {
        "_path": "Lib/site-packages/psycopg2/__pycache__/__init__.cpython-312.pyc",
        "path_type": "hardlink",
        "sha256": "256909371dc2d51e28b433fd0c6759f41e12682a050d946165d9811aa25c1cd6",
        "sha256_in_prefix": "256909371dc2d51e28b433fd0c6759f41e12682a050d946165d9811aa25c1cd6",
        "size_in_bytes": 3703
      },
      {
        "_path": "Lib/site-packages/psycopg2/__pycache__/_ipaddress.cpython-312.pyc",
        "path_type": "hardlink",
        "sha256": "397268ef9f40aab4d07a291d8b79e2d2efaeeb02ebe4402458e7ddc0b402d7da",
        "sha256_in_prefix": "397268ef9f40aab4d07a291d8b79e2d2efaeeb02ebe4402458e7ddc0b402d7da",
        "size_in_bytes": 2579
      },
      {
        "_path": "Lib/site-packages/psycopg2/__pycache__/_json.cpython-312.pyc",
        "path_type": "hardlink",
        "sha256": "534ecd69ab3c0c7e3a4df0ef2c9aeb1caf31a5521796031e48e8bd238bbf00de",
        "sha256_in_prefix": "534ecd69ab3c0c7e3a4df0ef2c9aeb1caf31a5521796031e48e8bd238bbf00de",
        "size_in_bytes": 7428
      },
      {
        "_path": "Lib/site-packages/psycopg2/__pycache__/_range.cpython-312.pyc",
        "path_type": "hardlink",
        "sha256": "a4cd551ee49bd9a069425935809750d42f79875e9ccfc8f69e2ec858a26d4d19",
        "sha256_in_prefix": "a4cd551ee49bd9a069425935809750d42f79875e9ccfc8f69e2ec858a26d4d19",
        "size_in_bytes": 20999
      },
      {
        "_path": "Lib/site-packages/psycopg2/__pycache__/errorcodes.cpython-312.pyc",
        "path_type": "hardlink",
        "sha256": "01907cbd6e8d4ffccf840b5ad3ae63d4ca6d2009ddbb187802c259f15cd131a3",
        "sha256_in_prefix": "01907cbd6e8d4ffccf840b5ad3ae63d4ca6d2009ddbb187802c259f15cd131a3",
        "size_in_bytes": 14348
      },
      {
        "_path": "Lib/site-packages/psycopg2/__pycache__/errors.cpython-312.pyc",
        "path_type": "hardlink",
        "sha256": "43a56b4b32c44c17710ec614e418bb82d3b91ee8576b99d33c21f0d554b06c6b",
        "sha256_in_prefix": "43a56b4b32c44c17710ec614e418bb82d3b91ee8576b99d33c21f0d554b06c6b",
        "size_in_bytes": 487
      },
      {
        "_path": "Lib/site-packages/psycopg2/__pycache__/extensions.cpython-312.pyc",
        "path_type": "hardlink",
        "sha256": "a2370a1fb1b31fd0ecccb36b13c1426cb19d661682c81451ac12341468de0832",
        "sha256_in_prefix": "a2370a1fb1b31fd0ecccb36b13c1426cb19d661682c81451ac12341468de0832",
        "size_in_bytes": 7413
      },
      {
        "_path": "Lib/site-packages/psycopg2/__pycache__/extras.cpython-312.pyc",
        "path_type": "hardlink",
        "sha256": "35681102e9283a92ef44829b7f47d59c4783089a045ba2262f5afb6cee062012",
        "sha256_in_prefix": "35681102e9283a92ef44829b7f47d59c4783089a045ba2262f5afb6cee062012",
        "size_in_bytes": 60497
      },
      {
        "_path": "Lib/site-packages/psycopg2/__pycache__/pool.cpython-312.pyc",
        "path_type": "hardlink",
        "sha256": "f660a0487f2b42785e0239c3ea989a7e00340102c10fd1a9af613d59eb43ecf3",
        "sha256_in_prefix": "f660a0487f2b42785e0239c3ea989a7e00340102c10fd1a9af613d59eb43ecf3",
        "size_in_bytes": 7783
      },
      {
        "_path": "Lib/site-packages/psycopg2/__pycache__/sql.cpython-312.pyc",
        "path_type": "hardlink",
        "sha256": "7b5c17f6ab03348c6b74d1eb599d49a63e5ca2d12fd302c638a6d5c1d3771339",
        "sha256_in_prefix": "7b5c17f6ab03348c6b74d1eb599d49a63e5ca2d12fd302c638a6d5c1d3771339",
        "size_in_bytes": 18887
      },
      {
        "_path": "Lib/site-packages/psycopg2/__pycache__/tz.cpython-312.pyc",
        "path_type": "hardlink",
        "sha256": "21cb83c64b53b8d3f094cd4878884da9b3be1f446aabe72d249ccc02779a2150",
        "sha256_in_prefix": "21cb83c64b53b8d3f094cd4878884da9b3be1f446aabe72d249ccc02779a2150",
        "size_in_bytes": 6149
      },
      {
        "_path": "Lib/site-packages/psycopg2/_ipaddress.py",
        "path_type": "hardlink",
        "sha256": "8e4bb284b82a50644170b3560ccf10272b15eaad4da5cfd1607e3f904ec964f5",
        "sha256_in_prefix": "8e4bb284b82a50644170b3560ccf10272b15eaad4da5cfd1607e3f904ec964f5",
        "size_in_bytes": 2922
      },
      {
        "_path": "Lib/site-packages/psycopg2/_json.py",
        "path_type": "hardlink",
        "sha256": "5cf9f83e7cdb4e0d4372acfb9f524cbf974a841e55155ebcdf8184b7149ac2dd",
        "sha256_in_prefix": "5cf9f83e7cdb4e0d4372acfb9f524cbf974a841e55155ebcdf8184b7149ac2dd",
        "size_in_bytes": 7153
      },
      {
        "_path": "Lib/site-packages/psycopg2/_psycopg.cp312-win_amd64.pyd",
        "path_type": "hardlink",
        "sha256": "d18e4da9a6576713958cd7df7228c6f295c51b9a995a1fa31df1dd9fdc67e74a",
        "sha256_in_prefix": "d18e4da9a6576713958cd7df7228c6f295c51b9a995a1fa31df1dd9fdc67e74a",
        "size_in_bytes": 229376
      },
      {
        "_path": "Lib/site-packages/psycopg2/_range.py",
        "path_type": "hardlink",
        "sha256": "b1779e9c6ada244130d88de673c46598d8afcb68cc83bcd6a1a9c37acd98c29f",
        "sha256_in_prefix": "b1779e9c6ada244130d88de673c46598d8afcb68cc83bcd6a1a9c37acd98c29f",
        "size_in_bytes": 18494
      },
      {
        "_path": "Lib/site-packages/psycopg2/errorcodes.py",
        "path_type": "hardlink",
        "sha256": "8dbd5292e1aae73253ec5f7d1850148b75501fc19bb01ef344788bb005805344",
        "sha256_in_prefix": "8dbd5292e1aae73253ec5f7d1850148b75501fc19bb01ef344788bb005805344",
        "size_in_bytes": 14362
      },
      {
        "_path": "Lib/site-packages/psycopg2/errors.py",
        "path_type": "hardlink",
        "sha256": "6804b8749c938356ec0f3243091400301fecef3bfe438c81e98be2876e88fb43",
        "sha256_in_prefix": "6804b8749c938356ec0f3243091400301fecef3bfe438c81e98be2876e88fb43",
        "size_in_bytes": 1425
      },
      {
        "_path": "Lib/site-packages/psycopg2/extensions.py",
        "path_type": "hardlink",
        "sha256": "086d241b9bcbf0eb79d375069435d724915d1562e0e07136fdcd7e94b38b73c3",
        "sha256_in_prefix": "086d241b9bcbf0eb79d375069435d724915d1562e0e07136fdcd7e94b38b73c3",
        "size_in_bytes": 6797
      },
      {
        "_path": "Lib/site-packages/psycopg2/extras.py",
        "path_type": "hardlink",
        "sha256": "a017eb76fb569fc213c5cdf1fa1da1e88c0752c59d56a09d7f81a985bd09a98f",
        "sha256_in_prefix": "a017eb76fb569fc213c5cdf1fa1da1e88c0752c59d56a09d7f81a985bd09a98f",
        "size_in_bytes": 44215
      },
      {
        "_path": "Lib/site-packages/psycopg2/pool.py",
        "path_type": "hardlink",
        "sha256": "50612df0874fdf135cd8f1983651b8b10be0f2785fe1a7829f3dfd8534741fc2",
        "sha256_in_prefix": "50612df0874fdf135cd8f1983651b8b10be0f2785fe1a7829f3dfd8534741fc2",
        "size_in_bytes": 6316
      },
      {
        "_path": "Lib/site-packages/psycopg2/sql.py",
        "path_type": "hardlink",
        "sha256": "39c144026a5ed9a31faf1d0c124e0bc74d17bd75c90a6be595a3956c963eca81",
        "sha256_in_prefix": "39c144026a5ed9a31faf1d0c124e0bc74d17bd75c90a6be595a3956c963eca81",
        "size_in_bytes": 14779
      },
      {
        "_path": "Lib/site-packages/psycopg2/tz.py",
        "path_type": "hardlink",
        "sha256": "afde642bb7864a9398aff96e0b262cce71ccce3979dac2e3b2748f5e45cbcd12",
        "sha256_in_prefix": "afde642bb7864a9398aff96e0b262cce71ccce3979dac2e3b2748f5e45cbcd12",
        "size_in_bytes": 4870
      }
    ],
    "paths_version": 1
  },
  "requested_spec": "None",
  "sha256": "87c1b62ef23489c1f749c9cba63dc94efbfb13c5e3ca90a48b3f224bde540964",
  "size": 165165,
  "subdir": "win-64",
  "timestamp": 1707437501940,
  "url": "https://repo.anaconda.com/pkgs/main/win-64/psycopg2-2.9.9-py312h2bbff1b_0.conda",
  "version": "2.9.9"
}