{
  "build": "py312haa95532_0",
  "build_number": 0,
  "channel": "https://repo.anaconda.com/pkgs/main/win-64",
  "constrains": [],
  "depends": [
    "python >=3.12,<3.13.0a0"
  ],
  "extracted_package_dir": "C:\\Users\\jporr\\anaconda3\\pkgs\\wheel-0.43.0-py312haa95532_0",
  "files": [
    "Lib/site-packages/wheel-0.43.0.dist-info/LICENSE.txt",
    "Lib/site-packages/wheel-0.43.0.dist-info/METADATA",
    "Lib/site-packages/wheel-0.43.0.dist-info/RECORD",
    "Lib/site-packages/wheel-0.43.0.dist-info/WHEEL",
    "Lib/site-packages/wheel-0.43.0.dist-info/entry_points.txt",
    "Lib/site-packages/wheel/__init__.py",
    "Lib/site-packages/wheel/__main__.py",
    "Lib/site-packages/wheel/__pycache__/__init__.cpython-312.pyc",
    "Lib/site-packages/wheel/__pycache__/__main__.cpython-312.pyc",
    "Lib/site-packages/wheel/__pycache__/_setuptools_logging.cpython-312.pyc",
    "Lib/site-packages/wheel/__pycache__/bdist_wheel.cpython-312.pyc",
    "Lib/site-packages/wheel/__pycache__/macosx_libfile.cpython-312.pyc",
    "Lib/site-packages/wheel/__pycache__/metadata.cpython-312.pyc",
    "Lib/site-packages/wheel/__pycache__/util.cpython-312.pyc",
    "Lib/site-packages/wheel/__pycache__/wheelfile.cpython-312.pyc",
    "Lib/site-packages/wheel/_setuptools_logging.py",
    "Lib/site-packages/wheel/bdist_wheel.py",
    "Lib/site-packages/wheel/cli/__init__.py",
    "Lib/site-packages/wheel/cli/__pycache__/__init__.cpython-312.pyc",
    "Lib/site-packages/wheel/cli/__pycache__/convert.cpython-312.pyc",
    "Lib/site-packages/wheel/cli/__pycache__/pack.cpython-312.pyc",
    "Lib/site-packages/wheel/cli/__pycache__/tags.cpython-312.pyc",
    "Lib/site-packages/wheel/cli/__pycache__/unpack.cpython-312.pyc",
    "Lib/site-packages/wheel/cli/convert.py",
    "Lib/site-packages/wheel/cli/pack.py",
    "Lib/site-packages/wheel/cli/tags.py",
    "Lib/site-packages/wheel/cli/unpack.py",
    "Lib/site-packages/wheel/macosx_libfile.py",
    "Lib/site-packages/wheel/metadata.py",
    "Lib/site-packages/wheel/util.py",
    "Lib/site-packages/wheel/vendored/__init__.py",
    "Lib/site-packages/wheel/vendored/__pycache__/__init__.cpython-312.pyc",
    "Lib/site-packages/wheel/vendored/packaging/__init__.py",
    "Lib/site-packages/wheel/vendored/packaging/__pycache__/__init__.cpython-312.pyc",
    "Lib/site-packages/wheel/vendored/packaging/__pycache__/_elffile.cpython-312.pyc",
    "Lib/site-packages/wheel/vendored/packaging/__pycache__/_manylinux.cpython-312.pyc",
    "Lib/site-packages/wheel/vendored/packaging/__pycache__/_musllinux.cpython-312.pyc",
    "Lib/site-packages/wheel/vendored/packaging/__pycache__/_parser.cpython-312.pyc",
    "Lib/site-packages/wheel/vendored/packaging/__pycache__/_structures.cpython-312.pyc",
    "Lib/site-packages/wheel/vendored/packaging/__pycache__/_tokenizer.cpython-312.pyc",
    "Lib/site-packages/wheel/vendored/packaging/__pycache__/markers.cpython-312.pyc",
    "Lib/site-packages/wheel/vendored/packaging/__pycache__/requirements.cpython-312.pyc",
    "Lib/site-packages/wheel/vendored/packaging/__pycache__/specifiers.cpython-312.pyc",
    "Lib/site-packages/wheel/vendored/packaging/__pycache__/tags.cpython-312.pyc",
    "Lib/site-packages/wheel/vendored/packaging/__pycache__/utils.cpython-312.pyc",
    "Lib/site-packages/wheel/vendored/packaging/__pycache__/version.cpython-312.pyc",
    "Lib/site-packages/wheel/vendored/packaging/_elffile.py",
    "Lib/site-packages/wheel/vendored/packaging/_manylinux.py",
    "Lib/site-packages/wheel/vendored/packaging/_musllinux.py",
    "Lib/site-packages/wheel/vendored/packaging/_parser.py",
    "Lib/site-packages/wheel/vendored/packaging/_structures.py",
    "Lib/site-packages/wheel/vendored/packaging/_tokenizer.py",
    "Lib/site-packages/wheel/vendored/packaging/markers.py",
    "Lib/site-packages/wheel/vendored/packaging/requirements.py",
    "Lib/site-packages/wheel/vendored/packaging/specifiers.py",
    "Lib/site-packages/wheel/vendored/packaging/tags.py",
    "Lib/site-packages/wheel/vendored/packaging/utils.py",
    "Lib/site-packages/wheel/vendored/packaging/version.py",
    "Lib/site-packages/wheel/vendored/vendor.txt",
    "Lib/site-packages/wheel/wheelfile.py",
    "Scripts/wheel-script.py",
    "Scripts/wheel.exe",
    ".nonadmin"
  ],
  "fn": "wheel-0.43.0-py312haa95532_0.conda",
  "legacy_bz2_md5": "ff8c2f0ad2309ab0bdb60e582be65df8",
  "legacy_bz2_size": 163123,
  "license": "MIT",
  "license_family": "MIT",
  "link": {
    "source": "C:\\Users\\jporr\\anaconda3\\pkgs\\wheel-0.43.0-py312haa95532_0",
    "type": 1
  },
  "md5": "d6d743e8736f34fe71eed504f2556541",
  "name": "wheel",
  "package_tarball_full_path": "C:\\Users\\jporr\\anaconda3\\pkgs\\wheel-0.43.0-py312haa95532_0.conda",
  "paths_data": {
    "paths": [
      {
        "_path": "Lib/site-packages/wheel-0.43.0.dist-info/LICENSE.txt",
        "path_type": "hardlink",
        "sha256": "30c23618679108f3e8ea1d2a658c7ca417bdfc891c98ef1a89fa4ff0c9828654",
        "sha256_in_prefix": "30c23618679108f3e8ea1d2a658c7ca417bdfc891c98ef1a89fa4ff0c9828654",
        "size_in_bytes": 1107
      },
      {
        "_path": "Lib/site-packages/wheel-0.43.0.dist-info/METADATA",
        "path_type": "hardlink",
        "sha256": "59bac22b00a59d3e5608a56b8cf8efc43831a36b72792ee4389c9cd4669c7841",
        "sha256_in_prefix": "59bac22b00a59d3e5608a56b8cf8efc43831a36b72792ee4389c9cd4669c7841",
        "size_in_bytes": 2153
      },
      {
        "_path": "Lib/site-packages/wheel-0.43.0.dist-info/RECORD",
        "path_type": "hardlink",
        "sha256": "a369a6cf331d1c67334d8146eee8e1aaec8a441ad245afe72a0d770b3d46679d",
        "sha256_in_prefix": "a369a6cf331d1c67334d8146eee8e1aaec8a441ad245afe72a0d770b3d46679d",
        "size_in_bytes": 2831
      },
      {
        "_path": "Lib/site-packages/wheel-0.43.0.dist-info/WHEEL",
        "path_type": "hardlink",
        "sha256": "1196c6921ec87b83e865f450f08d19b8ff5592537f4ef719e83484e546abe33e",
        "sha256_in_prefix": "1196c6921ec87b83e865f450f08d19b8ff5592537f4ef719e83484e546abe33e",
        "size_in_bytes": 81
      },
      {
        "_path": "Lib/site-packages/wheel-0.43.0.dist-info/entry_points.txt",
        "path_type": "hardlink",
        "sha256": "ad363505b90f1e1906326e10dc5d29233241cd6da4331a06d68ae27dfbc6740d",
        "sha256_in_prefix": "ad363505b90f1e1906326e10dc5d29233241cd6da4331a06d68ae27dfbc6740d",
        "size_in_bytes": 104
      },
      {
        "_path": "Lib/site-packages/wheel/__init__.py",
        "path_type": "hardlink",
        "sha256": "0fa8e11f4d1e3336e0ad718078ec157c3e62fa508030cc9cb86d4bd2eb1e0e5a",
        "sha256_in_prefix": "0fa8e11f4d1e3336e0ad718078ec157c3e62fa508030cc9cb86d4bd2eb1e0e5a",
        "size_in_bytes": 59
      },
      {
        "_path": "Lib/site-packages/wheel/__main__.py",
        "path_type": "hardlink",
        "sha256": "3643149ee4c219c3a4818d0804b8010950bf04619c58e471d8af236064b5d941",
        "sha256_in_prefix": "3643149ee4c219c3a4818d0804b8010950bf04619c58e471d8af236064b5d941",
        "size_in_bytes": 455
      },
      {
        "_path": "Lib/site-packages/wheel/__pycache__/__init__.cpython-312.pyc",
        "path_type": "hardlink",
        "sha256": "a4d25167adc4cba2b57bbeac1063a28ddf98a7ca5ba62f046a32f5ea2c2a0e99",
        "sha256_in_prefix": "a4d25167adc4cba2b57bbeac1063a28ddf98a7ca5ba62f046a32f5ea2c2a0e99",
        "size_in_bytes": 211
      },
      {
        "_path": "Lib/site-packages/wheel/__pycache__/__main__.cpython-312.pyc",
        "path_type": "hardlink",
        "sha256": "65280bd48f55611aca5c8184cf72808baf78a4fde8e6f5ecbcf51aa23c3b60c8",
        "sha256_in_prefix": "65280bd48f55611aca5c8184cf72808baf78a4fde8e6f5ecbcf51aa23c3b60c8",
        "size_in_bytes": 946
      },
      {
        "_path": "Lib/site-packages/wheel/__pycache__/_setuptools_logging.cpython-312.pyc",
        "path_type": "hardlink",
        "sha256": "c5b12d805d6e14ead85e1c9f2519eec8f22f17740e56a09ce4ec139073ba1a62",
        "sha256_in_prefix": "c5b12d805d6e14ead85e1c9f2519eec8f22f17740e56a09ce4ec139073ba1a62",
        "size_in_bytes": 1300
      },
      {
        "_path": "Lib/site-packages/wheel/__pycache__/bdist_wheel.cpython-312.pyc",
        "path_type": "hardlink",
        "sha256": "c6d9fddc0c03c8dd03de730cf58433da9b504234794536a33474d30c4aec1645",
        "sha256_in_prefix": "c6d9fddc0c03c8dd03de730cf58433da9b504234794536a33474d30c4aec1645",
        "size_in_bytes": 24838
      },
      {
        "_path": "Lib/site-packages/wheel/__pycache__/macosx_libfile.cpython-312.pyc",
        "path_type": "hardlink",
        "sha256": "12104c5485f73a651a2f0eb547f6541b53c652d275991b577e134571c2cd7753",
        "sha256_in_prefix": "12104c5485f73a651a2f0eb547f6541b53c652d275991b577e134571c2cd7753",
        "size_in_bytes": 15599
      },
      {
        "_path": "Lib/site-packages/wheel/__pycache__/metadata.cpython-312.pyc",
        "path_type": "hardlink",
        "sha256": "5b1522be3ad9c5bdc6f65ed1c0ea1b11b30190687af9e280aa5c4411ffa33699",
        "sha256_in_prefix": "5b1522be3ad9c5bdc6f65ed1c0ea1b11b30190687af9e280aa5c4411ffa33699",
        "size_in_bytes": 8234
      },
      {
        "_path": "Lib/site-packages/wheel/__pycache__/util.cpython-312.pyc",
        "path_type": "hardlink",
        "sha256": "f1b6c98fb6e6d86ea0ae2ae397846b5b29df1b6ce0e40fa414ef5073153791ae",
        "sha256_in_prefix": "f1b6c98fb6e6d86ea0ae2ae397846b5b29df1b6ce0e40fa414ef5073153791ae",
        "size_in_bytes": 1140
      },
      {
        "_path": "Lib/site-packages/wheel/__pycache__/wheelfile.cpython-312.pyc",
        "path_type": "hardlink",
        "sha256": "bbd9bd93970e12c70ae0607b90ff22840494e3fe3239c3309071142bb12774f9",
        "sha256_in_prefix": "bbd9bd93970e12c70ae0607b90ff22840494e3fe3239c3309071142bb12774f9",
        "size_in_bytes": 10455
      },
      {
        "_path": "Lib/site-packages/wheel/_setuptools_logging.py",
        "path_type": "hardlink",
        "sha256": "3680a78c9e03144678e44a3ed817572ec5890b01a46a2b75b69ff5ee96a5795c",
        "sha256_in_prefix": "3680a78c9e03144678e44a3ed817572ec5890b01a46a2b75b69ff5ee96a5795c",
        "size_in_bytes": 746
      },
      {
        "_path": "Lib/site-packages/wheel/bdist_wheel.py",
        "path_type": "hardlink",
        "sha256": "38a272a7d13cdf5cc9af1a117e633d0203a30721b5081fa9cc5e645d016668a9",
        "sha256_in_prefix": "38a272a7d13cdf5cc9af1a117e633d0203a30721b5081fa9cc5e645d016668a9",
        "size_in_bytes": 20938
      },
      {
        "_path": "Lib/site-packages/wheel/cli/__init__.py",
        "path_type": "hardlink",
        "sha256": "7813619cfc164ed74a0091f2efb96fcfb80e43912edc66af1ae817c614ac9fe5",
        "sha256_in_prefix": "7813619cfc164ed74a0091f2efb96fcfb80e43912edc66af1ae817c614ac9fe5",
        "size_in_bytes": 4264
      },
      {
        "_path": "Lib/site-packages/wheel/cli/__pycache__/__init__.cpython-312.pyc",
        "path_type": "hardlink",
        "sha256": "6cea47f90f76d9900effcf0bac3cd5252ece9cad39edcd053b301e608294bedc",
        "sha256_in_prefix": "6cea47f90f76d9900effcf0bac3cd5252ece9cad39edcd053b301e608294bedc",
        "size_in_bytes": 6831
      },
      {
        "_path": "Lib/site-packages/wheel/cli/__pycache__/convert.cpython-312.pyc",
        "path_type": "hardlink",
        "sha256": "098ae4548c7c3c37df6ce1dabda54c83a1ddc482f95fde56c972f0b6e41ec8ce",
        "sha256_in_prefix": "098ae4548c7c3c37df6ce1dabda54c83a1ddc482f95fde56c972f0b6e41ec8ce",
        "size_in_bytes": 10780
      },
      {
        "_path": "Lib/site-packages/wheel/cli/__pycache__/pack.cpython-312.pyc",
        "path_type": "hardlink",
        "sha256": "e4ea0f1fb1ad9c841a789937fc03c6c65c1828a1adfe0c9886ce73e9ca0d9a58",
        "sha256_in_prefix": "e4ea0f1fb1ad9c841a789937fc03c6c65c1828a1adfe0c9886ce73e9ca0d9a58",
        "size_in_bytes": 4407
      },
      {
        "_path": "Lib/site-packages/wheel/cli/__pycache__/tags.cpython-312.pyc",
        "path_type": "hardlink",
        "sha256": "7de14ae86db4a4983c792d7402b107bdcc868dee4b66bc3dee9bc7abb14184d5",
        "sha256_in_prefix": "7de14ae86db4a4983c792d7402b107bdcc868dee4b66bc3dee9bc7abb14184d5",
        "size_in_bytes": 6697
      },
      {
        "_path": "Lib/site-packages/wheel/cli/__pycache__/unpack.cpython-312.pyc",
        "path_type": "hardlink",
        "sha256": "0ebeeafe7cf40558c1c78b126ba39d6320d77e034fe63c61456c74465400780d",
        "sha256_in_prefix": "0ebeeafe7cf40558c1c78b126ba39d6320d77e034fe63c61456c74465400780d",
        "size_in_bytes": 1481
      },
      {
        "_path": "Lib/site-packages/wheel/cli/convert.py",
        "path_type": "hardlink",
        "sha256": "a897296062aa75fc353fa05e9603751e7fecb8d80ce9bbf211616565eb925b1d",
        "sha256_in_prefix": "a897296062aa75fc353fa05e9603751e7fecb8d80ce9bbf211616565eb925b1d",
        "size_in_bytes": 9439
      },
      {
        "_path": "Lib/site-packages/wheel/cli/pack.py",
        "path_type": "hardlink",
        "sha256": "08015c1dd055ba5bec1d82659dd2953bb28c23d26a053673e628b43cac7108eb",
        "sha256_in_prefix": "08015c1dd055ba5bec1d82659dd2953bb28c23d26a053673e628b43cac7108eb",
        "size_in_bytes": 3103
      },
      {
        "_path": "Lib/site-packages/wheel/cli/tags.py",
        "path_type": "hardlink",
        "sha256": "947c3e2da5ab912e49cbfa96730fbaa528de34ceb20230e7a8a2371392534c25",
        "sha256_in_prefix": "947c3e2da5ab912e49cbfa96730fbaa528de34ceb20230e7a8a2371392534c25",
        "size_in_bytes": 4760
      },
      {
        "_path": "Lib/site-packages/wheel/cli/unpack.py",
        "path_type": "hardlink",
        "sha256": "63f27bca7c4f4a81454d3ec7d1f3206c195512bc320c670e6e099ee4c06ecf9f",
        "sha256_in_prefix": "63f27bca7c4f4a81454d3ec7d1f3206c195512bc320c670e6e099ee4c06ecf9f",
        "size_in_bytes": 1021
      },
      {
        "_path": "Lib/site-packages/wheel/macosx_libfile.py",
        "path_type": "hardlink",
        "sha256": "1e75ba38f74df7dde9b12b6fc25e3dc6dc76930ee1a156deea7bf099ff16b0a2",
        "sha256_in_prefix": "1e75ba38f74df7dde9b12b6fc25e3dc6dc76930ee1a156deea7bf099ff16b0a2",
        "size_in_bytes": 16103
      },
      {
        "_path": "Lib/site-packages/wheel/metadata.py",
        "path_type": "hardlink",
        "sha256": "abec420aa4802bb1f3c99c4af40ebf1c05a686a4b5a01e01170d7eac74310624",
        "sha256_in_prefix": "abec420aa4802bb1f3c99c4af40ebf1c05a686a4b5a01e01170d7eac74310624",
        "size_in_bytes": 5884
      },
      {
        "_path": "Lib/site-packages/wheel/util.py",
        "path_type": "hardlink",
        "sha256": "7b48e99ec6db33d42169a312c9aa7efd9814c5cc70a722c393a44772b76e3cb8",
        "sha256_in_prefix": "7b48e99ec6db33d42169a312c9aa7efd9814c5cc70a722c393a44772b76e3cb8",
        "size_in_bytes": 621
      },
      {
        "_path": "Lib/site-packages/wheel/vendored/__init__.py",
        "path_type": "hardlink",
        "sha256": "e3b0c44298fc1c149afbf4c8996fb92427ae41e4649b934ca495991b7852b855",
        "sha256_in_prefix": "e3b0c44298fc1c149afbf4c8996fb92427ae41e4649b934ca495991b7852b855",
        "size_in_bytes": 0
      },
      {
        "_path": "Lib/site-packages/wheel/vendored/__pycache__/__init__.cpython-312.pyc",
        "path_type": "hardlink",
        "sha256": "8b116a1a14b7a8c377ac33d0f1f41b3fb23bf44409c3d4193f3be8b7dcb30f9d",
        "sha256_in_prefix": "8b116a1a14b7a8c377ac33d0f1f41b3fb23bf44409c3d4193f3be8b7dcb30f9d",
        "size_in_bytes": 141
      },
      {
        "_path": "Lib/site-packages/wheel/vendored/packaging/__init__.py",
        "path_type": "hardlink",
        "sha256": "e3b0c44298fc1c149afbf4c8996fb92427ae41e4649b934ca495991b7852b855",
        "sha256_in_prefix": "e3b0c44298fc1c149afbf4c8996fb92427ae41e4649b934ca495991b7852b855",
        "size_in_bytes": 0
      },
      {
        "_path": "Lib/site-packages/wheel/vendored/packaging/__pycache__/__init__.cpython-312.pyc",
        "path_type": "hardlink",
        "sha256": "d6c632dc9386eb4bce88515a5fc9a5ce3b3e4f50ec6a667eb3e42b1593829589",
        "sha256_in_prefix": "d6c632dc9386eb4bce88515a5fc9a5ce3b3e4f50ec6a667eb3e42b1593829589",
        "size_in_bytes": 151
      },
      {
        "_path": "Lib/site-packages/wheel/vendored/packaging/__pycache__/_elffile.cpython-312.pyc",
        "path_type": "hardlink",
        "sha256": "22c8f3275e71cdba6eb904968cf4422e1b33b4204f3a5204357b0f09ba2b081e",
        "sha256_in_prefix": "22c8f3275e71cdba6eb904968cf4422e1b33b4204f3a5204357b0f09ba2b081e",
        "size_in_bytes": 4984
      },
      {
        "_path": "Lib/site-packages/wheel/vendored/packaging/__pycache__/_manylinux.cpython-312.pyc",
        "path_type": "hardlink",
        "sha256": "8cf0ab2fbe2877fce8b66efe0794d381b85326b6093433696e5ec6d5f7d96f80",
        "sha256_in_prefix": "8cf0ab2fbe2877fce8b66efe0794d381b85326b6093433696e5ec6d5f7d96f80",
        "size_in_bytes": 9849
      },
      {
        "_path": "Lib/site-packages/wheel/vendored/packaging/__pycache__/_musllinux.cpython-312.pyc",
        "path_type": "hardlink",
        "sha256": "52a15470cd9eb27a41169353f6a370cbe73607cd1c4b471e2bffbd86acc8faca",
        "sha256_in_prefix": "52a15470cd9eb27a41169353f6a370cbe73607cd1c4b471e2bffbd86acc8faca",
        "size_in_bytes": 4532
      },
      {
        "_path": "Lib/site-packages/wheel/vendored/packaging/__pycache__/_parser.cpython-312.pyc",
        "path_type": "hardlink",
        "sha256": "81ae914b382ea169529aa574f894bfa1960a0544ca9d4ac0695bcaff5cc4c99b",
        "sha256_in_prefix": "81ae914b382ea169529aa574f894bfa1960a0544ca9d4ac0695bcaff5cc4c99b",
        "size_in_bytes": 14022
      },
      {
        "_path": "Lib/site-packages/wheel/vendored/packaging/__pycache__/_structures.cpython-312.pyc",
        "path_type": "hardlink",
        "sha256": "3d6d525adaa0cbfd273330b5c7479b937fd5764e4a13836c8bfb79b5fe8cd598",
        "sha256_in_prefix": "3d6d525adaa0cbfd273330b5c7479b937fd5764e4a13836c8bfb79b5fe8cd598",
        "size_in_bytes": 3199
      },
      {
        "_path": "Lib/site-packages/wheel/vendored/packaging/__pycache__/_tokenizer.cpython-312.pyc",
        "path_type": "hardlink",
        "sha256": "02ec37ff2a8cb739cc1f841ea9fe904c2655ab6915fe292473e7f09e585c7ef2",
        "sha256_in_prefix": "02ec37ff2a8cb739cc1f841ea9fe904c2655ab6915fe292473e7f09e585c7ef2",
        "size_in_bytes": 7895
      },
      {
        "_path": "Lib/site-packages/wheel/vendored/packaging/__pycache__/markers.cpython-312.pyc",
        "path_type": "hardlink",
        "sha256": "de48bce4f2ace48a8a5091b18beda92f3669e53e9f6cdbcecad5391ea40873c6",
        "sha256_in_prefix": "de48bce4f2ace48a8a5091b18beda92f3669e53e9f6cdbcecad5391ea40873c6",
        "size_in_bytes": 10472
      },
      {
        "_path": "Lib/site-packages/wheel/vendored/packaging/__pycache__/requirements.cpython-312.pyc",
        "path_type": "hardlink",
        "sha256": "961ddcbdc28e154ce31d2e482c5cdfe8019663d4231b5a636d6c1c218a0a065c",
        "sha256_in_prefix": "961ddcbdc28e154ce31d2e482c5cdfe8019663d4231b5a636d6c1c218a0a065c",
        "size_in_bytes": 4412
      },
      {
        "_path": "Lib/site-packages/wheel/vendored/packaging/__pycache__/specifiers.cpython-312.pyc",
        "path_type": "hardlink",
        "sha256": "8192483e715a040316f6bd9d702f43fdb7c942015c4b8684951f8a24cb3ca194",
        "sha256_in_prefix": "8192483e715a040316f6bd9d702f43fdb7c942015c4b8684951f8a24cb3ca194",
        "size_in_bytes": 39507
      },
      {
        "_path": "Lib/site-packages/wheel/vendored/packaging/__pycache__/tags.cpython-312.pyc",
        "path_type": "hardlink",
        "sha256": "53966d7b67c74533eec938a0184418d0f01677d1e1c0dc27c62af1658b62604b",
        "sha256_in_prefix": "53966d7b67c74533eec938a0184418d0f01677d1e1c0dc27c62af1658b62604b",
        "size_in_bytes": 21719
      },
      {
        "_path": "Lib/site-packages/wheel/vendored/packaging/__pycache__/utils.cpython-312.pyc",
        "path_type": "hardlink",
        "sha256": "a3861d452c0f385c009cb2eef6887ff0f076fc24d56aff6d6cd93d52ecd7dd15",
        "sha256_in_prefix": "a3861d452c0f385c009cb2eef6887ff0f076fc24d56aff6d6cd93d52ecd7dd15",
        "size_in_bytes": 7242
      },
      {
        "_path": "Lib/site-packages/wheel/vendored/packaging/__pycache__/version.cpython-312.pyc",
        "path_type": "hardlink",
        "sha256": "c0a103dac6c5bf2a169e20f4f1e01030d488db649ca03a8f3bf6f3341c855054",
        "sha256_in_prefix": "c0a103dac6c5bf2a169e20f4f1e01030d488db649ca03a8f3bf6f3341c855054",
        "size_in_bytes": 19955
      },
      {
        "_path": "Lib/site-packages/wheel/vendored/packaging/_elffile.py",
        "path_type": "hardlink",
        "sha256": "85b98af0e0fa67b7d8ea1c229c7114703d5bcbb73390688d62eed28671449369",
        "sha256_in_prefix": "85b98af0e0fa67b7d8ea1c229c7114703d5bcbb73390688d62eed28671449369",
        "size_in_bytes": 3266
      },
      {
        "_path": "Lib/site-packages/wheel/vendored/packaging/_manylinux.py",
        "path_type": "hardlink",
        "sha256": "3fbb1d479ffb5c1634f4b55860f8479b274c2482303d75ac878a2593be14ba3e",
        "sha256_in_prefix": "3fbb1d479ffb5c1634f4b55860f8479b274c2482303d75ac878a2593be14ba3e",
        "size_in_bytes": 9588
      },
      {
        "_path": "Lib/site-packages/wheel/vendored/packaging/_musllinux.py",
        "path_type": "hardlink",
        "sha256": "cf5b3c4e8da1434be99ff77e3b68b9ab11b010af1698694bb7777fdba57b35e6",
        "sha256_in_prefix": "cf5b3c4e8da1434be99ff77e3b68b9ab11b010af1698694bb7777fdba57b35e6",
        "size_in_bytes": 2674
      },
      {
        "_path": "Lib/site-packages/wheel/vendored/packaging/_parser.py",
        "path_type": "hardlink",
        "sha256": "e2d4f87a64a5daa4da53b553404d576bda358cc3c2b017b3b18071c8d31437eb",
        "sha256_in_prefix": "e2d4f87a64a5daa4da53b553404d576bda358cc3c2b017b3b18071c8d31437eb",
        "size_in_bytes": 10347
      },
      {
        "_path": "Lib/site-packages/wheel/vendored/packaging/_structures.py",
        "path_type": "hardlink",
        "sha256": "ab77953666d62461bf4b40e2b7f4b7028f2a42acffe4f6135c500a0597b9cabe",
        "sha256_in_prefix": "ab77953666d62461bf4b40e2b7f4b7028f2a42acffe4f6135c500a0597b9cabe",
        "size_in_bytes": 1431
      },
      {
        "_path": "Lib/site-packages/wheel/vendored/packaging/_tokenizer.py",
        "path_type": "hardlink",
        "sha256": "6a50ad6f05e138502614667a050fb0093485a11009db3fb2b087fbfff31327f9",
        "sha256_in_prefix": "6a50ad6f05e138502614667a050fb0093485a11009db3fb2b087fbfff31327f9",
        "size_in_bytes": 5292
      },
      {
        "_path": "Lib/site-packages/wheel/vendored/packaging/markers.py",
        "path_type": "hardlink",
        "sha256": "fd348f2350612583bb069f40cd398743122a1c45576938e60e1f46fb0f2accf0",
        "sha256_in_prefix": "fd348f2350612583bb069f40cd398743122a1c45576938e60e1f46fb0f2accf0",
        "size_in_bytes": 8232
      },
      {
        "_path": "Lib/site-packages/wheel/vendored/packaging/requirements.py",
        "path_type": "hardlink",
        "sha256": "760a01795a6b3eed9813a43c9c67f038f4e30131db45afd918bc978451259fa4",
        "sha256_in_prefix": "760a01795a6b3eed9813a43c9c67f038f4e30131db45afd918bc978451259fa4",
        "size_in_bytes": 2933
      },
      {
        "_path": "Lib/site-packages/wheel/vendored/packaging/specifiers.py",
        "path_type": "hardlink",
        "sha256": "2164add12acb48fef685e5a1002f142f4786bdab3b5c84078ea8958957e63ca1",
        "sha256_in_prefix": "2164add12acb48fef685e5a1002f142f4786bdab3b5c84078ea8958957e63ca1",
        "size_in_bytes": 39778
      },
      {
        "_path": "Lib/site-packages/wheel/vendored/packaging/tags.py",
        "path_type": "hardlink",
        "sha256": "7de7475e2387901c4d6535e8b57bfcb973e630553d69ef93281ba38181e281c0",
        "sha256_in_prefix": "7de7475e2387901c4d6535e8b57bfcb973e630553d69ef93281ba38181e281c0",
        "size_in_bytes": 18950
      },
      {
        "_path": "Lib/site-packages/wheel/vendored/packaging/utils.py",
        "path_type": "hardlink",
        "sha256": "5e07663f7cb1f7ec101058ceecebcc8fd46311fe49951e4714547af6fed243d1",
        "sha256_in_prefix": "5e07663f7cb1f7ec101058ceecebcc8fd46311fe49951e4714547af6fed243d1",
        "size_in_bytes": 5268
      },
      {
        "_path": "Lib/site-packages/wheel/vendored/packaging/version.py",
        "path_type": "hardlink",
        "sha256": "3c525a6190f1060cb191f6211f7490c38a9f13d202096ad39a2b6fab5e32ddbb",
        "sha256_in_prefix": "3c525a6190f1060cb191f6211f7490c38a9f13d202096ad39a2b6fab5e32ddbb",
        "size_in_bytes": 16234
      },
      {
        "_path": "Lib/site-packages/wheel/vendored/vendor.txt",
        "path_type": "hardlink",
        "sha256": "67610d8c1d62e69adf7b3f0274cd5276bddce99c6fdab451a253292e60677001",
        "sha256_in_prefix": "67610d8c1d62e69adf7b3f0274cd5276bddce99c6fdab451a253292e60677001",
        "size_in_bytes": 16
      },
      {
        "_path": "Lib/site-packages/wheel/wheelfile.py",
        "path_type": "hardlink",
        "sha256": "0ed2435a864cbe7061e2578d3033c63a9ad053d77f769eaaf8c995d14fbee317",
        "sha256_in_prefix": "0ed2435a864cbe7061e2578d3033c63a9ad053d77f769eaaf8c995d14fbee317",
        "size_in_bytes": 7694
      },
      {
        "_path": "Scripts/wheel-script.py",
        "path_type": "hardlink",
        "sha256": "f81e86d226fd97f3a9fb708b803859f8922740e5b62a4577b0b6b8b1d6b8e333",
        "sha256_in_prefix": "f81e86d226fd97f3a9fb708b803859f8922740e5b62a4577b0b6b8b1d6b8e333",
        "size_in_bytes": 203
      },
      {
        "_path": "Scripts/wheel.exe",
        "path_type": "hardlink",
        "sha256": "a1d914f7ce0c36114344393207ae1e250edc2bf1d78eb55fdc2162f6594c7926",
        "sha256_in_prefix": "a1d914f7ce0c36114344393207ae1e250edc2bf1d78eb55fdc2162f6594c7926",
        "size_in_bytes": 54032
      }
    ],
    "paths_version": 1
  },
  "requested_spec": "None",
  "sha256": "1d22dbad0befa586a00287eddb3415bc82a60bbb462d14614520a33574bfb133",
  "size": 171353,
  "subdir": "win-64",
  "timestamp": 1714717308931,
  "url": "https://repo.anaconda.com/pkgs/main/win-64/wheel-0.43.0-py312haa95532_0.conda",
  "version": "0.43.0"
}